sample_id,fish_id,ULN,RIN,index_i7,index_i5,mean_size_bp,total_clusters_million
1,2,SAGCFN_23_00397,9.5,CGCTACAT,AACCTACG,285,59.9
2,3,SAGCFN_23_00398,10,AATCCAGC,GCATCCTA,285,61.3
3,4,SAGCFN_23_00399,9.9,CGTCTAAC,CAACGAGT,293,76.8
4,10,SAGCFN_23_00400,10,AACTCGGA,TGCAAGAC,293,69.9
5,11,SAGCFN_23_00401,9.7,GTCGAGAA,CTTACAGC,292,93
6,12,SAGCFN_23_00402,9.5,ACAACAGC,ACCGACAA,293,63.6
7,16,SAGCFN_23_00403,9.1,ATGACAGG,ACATGCCA,298,132.9
8,18,SAGCFN_23_00404,8.8,GCACACAA,GAGCAATC,280,65.2
9,19,SAGCFN_23_00405,9.4,CTCCTAGT,CCTCATCT,300,67.2
10,22,SAGCFN_23_00406,9.2,TCTTCGAC,TACTGCTC,294,64.1
11,23,SAGCFN_23_00407,9.4,GACTACGA,TTACCGAC,308,70.4
12,25,SAGCFN_23_00408,9,ACTCCTAC,CCGTAACT,299,63.6
13,27,SAGCFN_23_00409,8.9,CTTCCTTC,TTCCAGGT,306,75.4
14,28,SAGCFN_23_00410,9.3,ACCATCCT,CCATGAAC,296,50.6
15,29,SAGCFN_23_00411,8.7,CGTCCATT,TTCCTCCT,293,66
16,30,SAGCFN_23_00412,8.8,AACTTGCC,CCAACTTC,291,67.3
17,31,SAGCFN_23_00413,9,GTACACCT,GAGACCAA,291,75
18,34,SAGCFN_23_00414,9,ACGAGAAC,ACAGTTCG,290,54.7
19,38,SAGCFN_23_00415,9.2,CGACCTAA,CTAACCTG,295,77.3
20,41,SAGCFN_23_00416,8.7,TACATCGG,TCCGATCA,298,66.8
21,44,SAGCFN_23_00417,8.6,ATCGTCTC,AGAAGGAC,300,63.5
22,45,SAGCFN_23_00418,9,CCAACACT,GACGAACT,284,69.8
23,46,SAGCFN_23_00419,9,TCTAGGAG,TTGCAACG,288,114.8
24,47,SAGCFN_23_00420,9.2,CTCGAACA,CCAACGAA,290,114.2
25,48,SAGCFN_23_00421,8.7,ACGGACTT,ATCGGAGA,301,61
26,50,SAGCFN_23_00422,9.5,CTAAGACC,CCTAACAG,294,63.7
27,72,SAGCFN_23_00423,9,AACCGAAC,CATACTCG,288,109.9
