fish_id,sex,genotype_psen1,genotype_psen1_2,genotype_chr14,genotype_chr14_2
23,F,eofad,T428del/+,tu,A/B
41,M,eofad,T428del/+,tu,A/B
48,F,eofad,T428del/+,tu,A/B
22,M,eofad,T428del/+,pk,D/D
25,M,eofad,T428del/+,pk,D/D
31,M,eofad,T428del/+,pk,D/D
10,F,eofad,T428del/+,het,B/D
28,F,eofad,T428del/+,het,B/D
72,M,eofad,T428del/+,het,B/D
3,F,fai,W233fs/+,tu,A/B
30,F,fai,W233fs/+,tu,A/B
38,M,fai,W233fs/+,tu,A/B
16,F,fai,W233fs/+,pk,D/D
27,M,fai,W233fs/+,pk,D/D
50,M,fai,W233fs/+,pk,D/D
29,M,fai,W233fs/+,het,B/D
34,M,fai,W233fs/+,het,B/D
47,M,fai,W233fs/+,het,B/D
2,M,wt,+/+,tu,A/B
11,F,wt,+/+,tu,A/B
19,M,wt,+/+,tu,A/B
12,F,wt,+/+,pk,D/D
18,F,wt,+/+,pk,D/D
44,F,wt,+/+,pk,D/D
4,F,wt,+/+,het,B/D
45,F,wt,+/+,het,B/D
46,M,wt,+/+,het,B/D
